xg_model,n_pairs,finishing_r,finishing_spearman
our xG,2088,0.20683875731652673,0.21276979283928632
MoneyPuck xG,2088,0.24861620534543993,0.25137628393528555
